"tag","corrected","grouped1","key","group","new"
"ACC",NA,NA,"ACC",23,"ACC"
"ADD",NA,"AUTISM","AUTISM",19,"AUTISM"
"ADHD",NA,NA,"ADHD",18,"ADHD"
"ACCESSIONS",NA,"SEASONAL WORK","SEASONAL WORK",32,"EMPLOYMENT"
"ACCOUNTING",NA,"BANKS/ACCOUNTING","BANKS/ACCOUNTING",36,"BUSINESS"
"ADDICTION",NA,NA,"ADDICTION",30,"ADDICTION"
"AFTER HOURS","AFTER-HOURS",NA,"AFTER-HOURS",3,"EMPLOYMENT"
"AFTER-HOURS",NA,NA,"AFTER-HOURS",3,"EMPLOYMENT"
"AGE",NA,NA,"AGE",11,"AGING"
"AGING",NA,NA,"AGING",22,"AGING"
"AGRICULTURE",NA,NA,"AGRICULTURE",17,"AGRICULTURE"
"AIR",NA,NA,"AIR",24,"POLLUTION"
"ALCOHOL",NA,"DRINKING/ALCOHOL","DRINKING/ALCOHOL",25,"ALCOHOL"
"AMBULANCE PARAMEDIC",NA,NA,"AMBULANCE PARAMEDIC",2,"AMBULANCE"
"ANXIETY",NA,NA,"ANXIETY",18,"ANXIETY"
"APPREHENSIONS",NA,"JUSTICE/APPREHENSIONS","JUSTICE/APPREHENSIONS",31,"JUSTICE"
"ARTHRITIS",NA,NA,"ARTHRITIS",NA,"ARTHRITIS"
"ASPERGER SYNDROME",NA,"ASPERGER SYNDROME","ASPERGER SYNDROME",15,"AUTISM"
"ASTHMA",NA,NA,"ASTHMA",33,"ASTHMA"
"AUCKLAND BUSINESS MONITOR",NA,NA,"AUCKLAND BUSINESS MONITOR",36,"BUSINESS"
"AUCKLAND",NA,NA,"AUCKLAND",1,"AUCKLAND"
"AUDIOLOGIST",NA,"HEARING/AUDIOLOGIST","HEARING/AUDIOLOGIST",1,"HEARING"
"AUTISM SPECTRUM DISORDER",NA,"ASPERGER SYNDROME","ASPERGER SYNDROME",15,"AUTISM"
"AUTISM",NA,"AUTISM","AUTISM",19,"AUTISM"
"BPI",NA,"BUSINESS PRICE INDEX","BUSINESS PRICE INDEX",26,"ECONOMY"
"BABIES",NA,"PREMATURE BABIES","PREMATURE BABIES",14,"PREMATURE BABIES"
"BANKRUPT",NA,"DEBT/BANKPRUPT","DEBT/BANKPRUPT",NA,"BUSINESS"
"BANKRUPT",NA,"DEBT/BANKPRUPT","DEBT/BANKPRUPT",NA,"BUSINESS"
"BANKRUPT",NA,"DEBT/BANKPRUPT","DEBT/BANKPRUPT",NA,"BUSINESS"
"BANKS",NA,"BANKS/ACCOUNTING","BANKS/ACCOUNTING",36,"BUSINESS"
"BEHAVIOUR",NA,"AUTISM","AUTISM",19,"AUTISM"
"BEVERAGES",NA,NA,"BEVERAGES",44,"NUTRITION"
"BIOMEDICAL ENGINEER",NA,NA,"BIOMEDICAL ENGINEER",2,"MEDICAL STAFF (NON NURSE OR DOCTOR)"
"BIPOLAR",NA,NA,"BIPOLAR",18,"BIPOLAR"
"BIRTH",NA,"MOTHER/BIRTH","MOTHER/BIRTH",3,"MATERNITY"
"BLOOD PRESSURE",NA,NA,"BLOOD PRESSURE",NA,"BLOOD PRESSURE"
"BRAIN",NA,"SICKNESS/BRAIN","SICKNESS/BRAIN",1,"SICKNESS"
"BREAKFAST",NA,NA,"BREAKFAST",9,"NUTRITION"
"BROADBAND",NA,NA,"BROADBAND",20,"INTERNET"
"BUILDING",NA,NA,"BUILDING",4,"CONSTRUCTION"
"BUSINESS OPERATIONS",NA,"ICT","ICT",20,"ICT"
"BUSINESS PRICE INDEX",NA,"BUSINESS PRICE INDEX","BUSINESS PRICE INDEX",26,"ECONOMY"
"BUSINESS SIZE",NA,NA,"BUSINESS SIZE",1,"BUSINESS"
"BUSINESS",NA,NA,"BUSINESS",11,"BUSINESS"
"CPI",NA,"CONSUMER PRICE INDEX","CONSUMER PRICE INDEX",26,"ECONOMY"
"CANCER",NA,NA,"CANCER",12,"CANCER"
"CAR",NA,NA,"CAR",15,"CAR"
"CARDIAC TECHNICIAN",NA,NA,"CARDIAC TECHNICIAN",1,"CARDIOLOGY"
"CARDIOLOGIST",NA,NA,"CARDIOLOGIST",2,"CARDIOLOGY"
"CENSUS",NA,"HEATING","HEATING",40,"ENVIRONMENT"
"CENTRAL GOVERNMENT",NA,NA,"CENTRAL GOVERNMENT",23,"GOVERNMENT"
"CHEMIST",NA,NA,"CHEMIST",1,"CHEMIST"
"CHILD HEALTH",NA,NA,"CHILD HEALTH",19,"CHILD"
"CHILD POVERTY",NA,NA,"CHILD POVERTY",3,"CHILD"
"CHILD WELFARE",NA,NA,"CHILD WELFARE",3,"CHILD"
"CHILDBIRTH",NA,NA,"CHILDBIRTH",14,"MATERNITY"
"CHILDCARE",NA,NA,"CHILDCARE",13,"CHILD"
"CHILDREN",NA,NA,"CHILDREN",15,"CHILD"
"CHINESE",NA,NA,"CHINESE",2,"CHINESE"
"CHIROPRACTOR",NA,NA,"CHIROPRACTOR",2,"CHIROPRACTIC"
"CHOLESTEROL",NA,NA,"CHOLESTEROL",NA,"CHOLESTEROL"
"CHRISTCHURCH",NA,"CITIES","CITIES",8,"CITIES"
"CIGARETTES",NA,"SMOKING/CIGARETTES","SMOKING/CIGARETTES",5,"SMOKING"
"CITIES",NA,"CITIES","CITIES",8,"CITIES"
"CITY COUNCIL",NA,"COUNCIL","COUNCIL",3,"COUNCIL"
"CLIMATE",NA,"SALMONELLOSIS/CLIMATE","SALMONELLOSIS/CLIMATE",47,"SALMONELLOSIS"
"CLINICAL HAEMATOLOGIST",NA,NA,"CLINICAL HAEMATOLOGIST",2,"HAEMATOLOGY"
"CLINICAL PSYCHOLOGIST",NA,NA,"CLINICAL PSYCHOLOGIST",18,"PSYCHOLOGY"
"COAL",NA,NA,"COAL",40,"ENERGY"
"COMMUNITY",NA,"LONG-TERM USER/COMMUNITY","LONG-TERM USER/COMMUNITY",30,"SOCIAL"
"COMPANY",NA,"ENTERPRISE/COMPANY","ENTERPRISE/COMPANY",34,"BUSINESS"
"CONSERVATION",NA,"SAVING/CONSERVATION","SAVING/CONSERVATION",4,"ENERGY"
"CONSTRUCTION",NA,NA,"CONSTRUCTION",4,"CONSTRUCTION"
"CONSUMER",NA,"CONSUMER PRICE INDEX","CONSUMER PRICE INDEX",26,"ECONOMY"
"COST",NA,NA,"COST",13,"COST"
"COSTS",NA,"FARMING/COSTS","FARMING/COSTS",17,"FARMING"
"COUNCIL",NA,"COUNCIL","COUNCIL",3,"COUNCIL"
"COVERAGE",NA,"INSURANCE/COVERAGE","INSURANCE/COVERAGE",16,"INSURANCE"
"CRIME",NA,"POLICE/CRIME","POLICE/CRIME",31,"JUSTICE"
"CROPS",NA,"AGRICULTURE & FOREST","AGRICULTURE & FOREST",NA,"AGRICULTURE"
"CROPS",NA,"AGRICULTURE & FOREST","AGRICULTURE & FOREST",NA,"AGRICULTURE"
"CROPS",NA,"AGRICULTURE & FOREST","AGRICULTURE & FOREST",NA,"AGRICULTURE"
"CROPS",NA,"AGRICULTURE & FOREST","AGRICULTURE & FOREST",NA,"AGRICULTURE"
"CROPS",NA,"AGRICULTURE & FOREST","AGRICULTURE & FOREST",NA,"AGRICULTURE"
"CROWN",NA,"GOVERNMENT EXPENDITURE","GOVERNMENT EXPENDITURE",23,"GOVERNMENT"
"CYBER-SECURITY",NA,NA,"CYBER-SECURITY",20,"INTERNET"
"CYCLING",NA,"OUTDOOR ACTIVITIES","OUTDOOR ACTIVITIES",1,"SPORT"
"DHB",NA,NA,"DHB",3,"DHB"
"DHBS","DHB",NA,"DHB",3,"DHB"
"DEATH",NA,NA,"DEATH",21,"DEATH"
"DEATHS","DEATH",NA,"DEATH",21,"DEATH"
"DEBT",NA,"DEBT/BANKPRUPT","DEBT/BANKPRUPT",NA,"BUSINESS"
"DEBT",NA,"DEBT/BANKPRUPT","DEBT/BANKPRUPT",NA,"BUSINESS"
"DEBT",NA,"DEBT/BANKPRUPT","DEBT/BANKPRUPT",NA,"BUSINESS"
"DECAY",NA,NA,"DECAY",27,"DENTAL"
"DENTAL ASSISTANT",NA,NA,"DENTAL ASSISTANT",1,"DENTAL"
"DENTAL HYGIENIST",NA,NA,"DENTAL HYGIENIST",2,"DENTAL"
"DENTAL NURSE",NA,NA,"DENTAL NURSE",27,"DENTAL"
"DENTIST",NA,NA,"DENTIST",27,"DENTAL"
"DEPRESSION",NA,NA,"DEPRESSION",18,"DEPRESSION"
"DEPRIVATION QUINTILE",NA,NA,"DEPRIVATION QUINTILE",6,"DEPRIVATION"
"DEPRIVATION",NA,NA,"DEPRIVATION",30,"DEPRIVATION"
"DERMATOLOGIST",NA,NA,"DERMATOLOGIST",2,"DERMATOLOGY"
"DIABETES",NA,NA,"DIABETES",45,"DIABETES"
"DIAGNOSTIC AND INTERVENTIONAL RADIOLOGIST",NA,NA,"DIAGNOSTIC AND INTERVENTIONAL RADIOLOGIST",8,"RADIOLOGY"
"DIET",NA,NA,"DIET",9,"NUTRITION"
"DIETITIAN",NA,NA,"DIETITIAN",2,"NUTRITION"
"DISABILITY",NA,NA,"DISABILITY",22,"DISABILITY"
"DISCHARGES",NA,NA,"DISCHARGES",12,"DISCHARGES"
"DISEASE",NA,NA,"DISEASE",12,"DISEASE"
"DISEASES","DISEASE",NA,"DISEASE",12,"DISEASE"
"DISTRICT COUNCIL",NA,"COUNCIL","COUNCIL",3,"COUNCIL"
"DISTRICT HEALTH BOARD","DHB",NA,"DHB",3,"DHB"
"DOCTOR",NA,NA,"DOCTOR",13,"GP"
"DOCTORATE",NA,"PHD/DOCTORATE","PHD/DOCTORATE",35,"RESEARCH"
"DOCTORS","DOCTOR",NA,"DOCTOR",13,"GP"
"DRINKING",NA,"DRINKING/ALCOHOL","DRINKING/ALCOHOL",25,"ALCOHOL"
"DUNEDIN",NA,"CITIES","CITIES",8,"CITIES"
"E-COMMERCE",NA,NA,"E-COMMERCE",4,"INTERNET"
"EARNINGS",NA,NA,"EARNINGS",1,"EMPLOYMENT"
"EATING",NA,NA,"EATING",9,"NUTRITION"
"ECONOMY",NA,NA,"ECONOMY",17,"ECONOMY"
"ECZEMA",NA,NA,"ECZEMA",19,"DERMATOLOGY"
"EDUCATION",NA,NA,"EDUCATION",10,"EDUCATION"
"ELDERLY",NA,"ELDERLY EMERGENCY","ELDERLY EMERGENCY",2,"EMERGENCY"
"ELECTIONS",NA,"VOTING/ELECTIONS","VOTING/ELECTIONS",37,"POLITICS"
"ELECTRICITY",NA,"ENERGY TRANSFORMATION/ELECTRICITY","ENERGY TRANSFORMATION/ELECTRICITY",28,"ENERGY"
"EMERGENCY MEDICINE SPECIALIST",NA,NA,"EMERGENCY MEDICINE SPECIALIST",1,"EMERGENCY"
"EMERGENCY SERVICE WORKER",NA,NA,"EMERGENCY SERVICE WORKER",2,"EMERGENCY"
"EMERGENCY",NA,"ELDERLY EMERGENCY","ELDERLY EMERGENCY",2,"EMERGENCY"
"EMISSIONS",NA,NA,"EMISSIONS",24,"POLLUTION"
"EMPLOYEE",NA,NA,"EMPLOYEE",32,"EMPLOYMENT"
"EMPLOYEES","EMPLOYEE",NA,"EMPLOYEE",32,"EMPLOYMENT"
"EMPLOYMENT",NA,NA,"EMPLOYMENT",1,"EMPLOYMENT"
"ENERGY TRANSFORMATION",NA,"ENERGY TRANSFORMATION/ELECTRICITY","ENERGY TRANSFORMATION/ELECTRICITY",28,"ENERGY"
"ENERGY",NA,NA,"ENERGY",28,"ENERGY"
"ENROLLED NURSE",NA,NA,"ENROLLED NURSE",2,"NURSE"
"ENTERPRISE",NA,"ENTERPRISE/COMPANY","ENTERPRISE/COMPANY",34,"BUSINESS"
"ENTERTAINMENT",NA,NA,"ENTERTAINMENT",43,"ENTERTAINMENT"
"ENVIRONMENT",NA,NA,"ENVIRONMENT",19,"ENVIRONMENT"
"ENVIRONMENTAL HEALTH OFFICER",NA,NA,"ENVIRONMENTAL HEALTH OFFICER",2,"HEALTH STAFF"
"ETHNICITY",NA,NA,"ETHNICITY",16,"ETHNICITY"
"EXERCISE",NA,"SPORT/EXERCISE","SPORT/EXERCISE",46,"SPORT"
"EXPENDITURE",NA,NA,"EXPENDITURE",29,"EXPENDITURE"
"EXPENSES",NA,NA,"EXPENSES",25,"EXPENDITURE"
"EXPORT",NA,NA,"EXPORT",4,"INDUSTRY"
"FAILURE",NA,"STARTUP/FAILURE","STARTUP/FAILURE",4,"BUSINESS"
"FAMILY",NA,"ELDERLY EMERGENCY","ELDERLY EMERGENCY",2,"EMERGENCY"
"FARMING",NA,"FARMING/COSTS","FARMING/COSTS",17,"FARMING"
"FAST FOOD",NA,NA,"FAST FOOD",9,"NUTRITION"
"FIELD",NA,NA,"FIELD",10,"EDUCATION"
"FINAL CONSUMPTION EXPENDITURE",NA,NA,"FINAL CONSUMPTION EXPENDITURE",17,"EXPENDITURE"
"FINANCE",NA,"GOVERNMENT EXPENDITURE","GOVERNMENT EXPENDITURE",23,"GOVERNMENT"
"FIRM SIZE",NA,"SMALL BUSINESS/FIRM SIZE","SMALL BUSINESS/FIRM SIZE",11,"BUSINESS"
"FITNESS",NA,NA,"FITNESS",9,"SPORT"
"FIZZY DRINK",NA,NA,"FIZZY DRINK",44,"NUTRITION"
"FLU",NA,"INFLUENZA/FLU","INFLUENZA/FLU",NA,"FLU"
"FLU",NA,"INFLUENZA/FLU","INFLUENZA/FLU",NA,"FLU"
"FOOD",NA,NA,"FOOD",9,"NUTRITION"
"FORECAST",NA,"PROJECTIONS/FORECAST","PROJECTIONS/FORECAST",7,"FORECAST"
"FOREIGN INVESTMENT",NA,"OWNERSHIP/FOREIGN INVESTMENT","OWNERSHIP/FOREIGN INVESTMENT",4,"BUSINESS"
"FRUIT",NA,NA,"FRUIT",9,"NUTRITION"
"FUEL",NA,NA,"FUEL",42,"ENERGY"
"GDP",NA,NA,"GDP",17,"ECONOMY"
"GP",NA,NA,"GP",13,"GP"
"GENERAL MEDICAL PRACTITIONER","GP",NA,"GP",13,"GP"
"GOODS",NA,"SERVICES/GOODS","SERVICES/GOODS",11,"BUSINESS"
"GOUT",NA,NA,"GOUT",NA,"GOUT"
"GOVERNMENT",NA,NA,"GOVERNMENT",11,"GOVERNMENT"
"GROWTH",NA,"PRODUCTIVITY/GROWTH","PRODUCTIVITY/GROWTH",38,"PRODUCTIVITY"
"HAMILTON",NA,"CITIES","CITIES",8,"CITIES"
"HEALTH & SAFETY",NA,"OFFENCES/SAFETY","OFFENCES/SAFETY",31,"JUSTICE"
"HEALTH INFORMATION MANAGER",NA,NA,"HEALTH INFORMATION MANAGER",2,"HEALTH STAFF"
"HEALTH PRACTICE MANAGER",NA,NA,"HEALTH PRACTICE MANAGER",2,"HEALTH STAFF"
"HEALTH PROMOTION OFFICER",NA,NA,"HEALTH PROMOTION OFFICER",2,"HEALTH STAFF"
"HEALTH",NA,NA,"HEALTH",1,"HEALTH"
"HEALTHCARE",NA,NA,"HEALTHCARE",39,"HEALTHCARE"
"HEALTHY EATING",NA,NA,"HEALTHY EATING",3,"NUTRITION"
"HEARING",NA,"HEARING/AUDIOLOGIST","HEARING/AUDIOLOGIST",1,"HEARING"
"HEART",NA,NA,"HEART",NA,"HEART"
"HEATING",NA,"HEATING","HEATING",40,"ENVIRONMENT"
"HEIGHT",NA,NA,"HEIGHT",NA,"HEIGHT"
"HORTICULTURE",NA,"AGRICULTURE & FOREST","AGRICULTURE & FOREST",NA,"AGRICULTURE"
"HORTICULTURE",NA,"AGRICULTURE & FOREST","AGRICULTURE & FOREST",NA,"AGRICULTURE"
"HORTICULTURE",NA,"AGRICULTURE & FOREST","AGRICULTURE & FOREST",NA,"AGRICULTURE"
"HORTICULTURE",NA,"AGRICULTURE & FOREST","AGRICULTURE & FOREST",NA,"AGRICULTURE"
"HORTICULTURE",NA,"AGRICULTURE & FOREST","AGRICULTURE & FOREST",NA,"AGRICULTURE"
"HOSPITAL ORDERLY",NA,NA,"HOSPITAL ORDERLY",2,"HOSPITAL"
"HOSPITAL PHARMACIST",NA,NA,"HOSPITAL PHARMACIST",2,"PHARMACY"
"HOSPITAL",NA,NA,"HOSPITAL",12,"HOSPITAL"
"HOSPITALISATIONS","HOSPITALISATION",NA,"HOSPITALISATION",16,"HOSPITALISATION"
"HOSPITALS","HOSPITAL",NA,"HOSPITAL",12,"HOSPITAL"
"HOUSEHOLD",NA,NA,"HOUSEHOLD",25,"HOUSEHOLD"
"HOUSEHOLDS","HOUSEHOLD",NA,"HOUSEHOLD",25,"HOUSEHOLD"
"HOUSING",NA,"TEEANAGERS HOUSING & LIFESTYLE","TEEANAGERS HOUSING & LIFESTYLE",41,"YOUTH"
"ICT",NA,"ICT","ICT",20,"ICT"
"ILLNESS",NA,NA,"ILLNESS",12,"ILLNESS"
"IMMIGRATION",NA,"IMMIGRATION","IMMIGRATION",1,"IMMIGRATION"
"IMMUNISATION",NA,NA,"IMMUNISATION",6,"VACCINATION"
"IMMUNISED",NA,NA,"IMMUNISED",6,"VACCINATION"
"IMPAIRMENT",NA,NA,"IMPAIRMENT",22,"DISABILITY"
"INCOME",NA,NA,"INCOME",38,"EMPLOYMENT"
"INDUSTRY",NA,NA,"INDUSTRY",4,"INDUSTRY"
"INFLATION",NA,NA,"INFLATION",26,"ECONOMY"
"INFLUENZA",NA,"INFLUENZA/FLU","INFLUENZA/FLU",NA,"FLU"
"INFLUENZA",NA,"INFLUENZA/FLU","INFLUENZA/FLU",NA,"FLU"
"INHALER",NA,"RESPIRATORY/INHALER","RESPIRATORY/INHALER",33,"ASTHMA"
"INJURY",NA,"POISONING/INJURY","POISONING/INJURY",3,"POISONING"
"INNOVATION",NA,NA,"INNOVATION",11,"INNOVATION"
"INPATIENT",NA,"SELF-HARM/INPATIENT","SELF-HARM/INPATIENT",21,"SELF-HARM"
"INSOLVENCY",NA,"DEBT/BANKPRUPT","DEBT/BANKPRUPT",NA,"BUSINESS"
"INSOLVENCY",NA,"DEBT/BANKPRUPT","DEBT/BANKPRUPT",NA,"BUSINESS"
"INSOLVENCY",NA,"DEBT/BANKPRUPT","DEBT/BANKPRUPT",NA,"BUSINESS"
"INSURANCE",NA,"INSURANCE/COVERAGE","INSURANCE/COVERAGE",16,"INSURANCE"
"INTENSIVE CARE SPECIALIST",NA,NA,"INTENSIVE CARE SPECIALIST",2,"INTENSIVE CARE"
"INTERNATIONAL",NA,NA,"INTERNATIONAL",24,"INTERNATIONAL"
"INTERNET",NA,NA,"INTERNET",20,"INTERNET"
"INTERVENTIONS",NA,NA,"INTERVENTIONS",16,"INTERVENTIONS"
"JOB",NA,NA,"JOB",2,"EMPLOYMENT"
"JOBS","JOB",NA,"JOB",2,"EMPLOYMENT"
"JOINT VENTURE",NA,"TRUST/JOINT VENTURE","TRUST/JOINT VENTURE",34,"BUSINESS"
"JUSTICE",NA,"JUSTICE/APPREHENSIONS","JUSTICE/APPREHENSIONS",31,"JUSTICE"
"KAIAWHINA HAUORA",NA,NA,"KAIAWHINA HAUORA",2,"MAORI"
"LEUKAEMIA",NA,NA,"LEUKAEMIA",12,"HAEMATOLOGY"
"LIFESTYLE",NA,"TEEANAGERS HOUSING & LIFESTYLE","TEEANAGERS HOUSING & LIFESTYLE",41,"YOUTH"
"LIVING COST",NA,NA,"LIVING COST",25,"EXPENDITURE"
"LONG-TERM USER",NA,"LONG-TERM USER/COMMUNITY","LONG-TERM USER/COMMUNITY",30,"SOCIAL"
"MANAGEMENT",NA,NA,"MANAGEMENT",28,"MANAGEMENT"
"MANIC DEPRESSION",NA,NA,"MANIC DEPRESSION",18,"DEPRESSION"
"MANUFACTURING",NA,NA,"MANUFACTURING",40,"INDUSTRY"
"MAORI",NA,NA,"MAORI",12,"MAORI"
"MAORI",NA,NA,"MAORI",12,"MAORI"
"MARKET",NA,NA,"MARKET",11,"BUSINESS"
"MARKETING",NA,NA,"MARKETING",28,"MARKETING"
"MASSAGE THERAPIST",NA,NA,"MASSAGE THERAPIST",2,"HEALTH STAFF"
"MATERNITY",NA,NA,"MATERNITY",14,"MATERNITY"
"MAYOR",NA,"COUNCIL","COUNCIL",3,"COUNCIL"
"MEDIA",NA,NA,"MEDIA",43,"MEDIA"
"MEDICAL CENTRE",NA,NA,"MEDICAL CENTRE",13,"GP"
"MEDICAL DIAGNOSTIC RADIOGRAPHER",NA,NA,"MEDICAL DIAGNOSTIC RADIOGRAPHER",14,"RADIOLOGY"
"MEDICAL LABORATORY SCIENTIST",NA,NA,"MEDICAL LABORATORY SCIENTIST",2,"LABORATORY"
"MEDICAL LABORATORY TECHNICIAN",NA,NA,"MEDICAL LABORATORY TECHNICIAN",8,"LABORATORY"
"MEDICAL ONCOLOGIST",NA,NA,"MEDICAL ONCOLOGIST",8,"ONCOLOGY"
"MEDICAL RADIATION THERAPIST",NA,NA,"MEDICAL RADIATION THERAPIST",2,"RADIOLOGY"
"MEDICAL RECEPTIONIST",NA,NA,"MEDICAL RECEPTIONIST",1,"MEDICAL STAFF (NON NURSE OR DOCTOR)"
"MEDICAL SUPERINTENDENT",NA,NA,"MEDICAL SUPERINTENDENT",1,"MEDICAL STAFF (NON NURSE OR DOCTOR)"
"MEDICAL",NA,NA,"MEDICAL",8,"MEDICAL"
"MEDICATION",NA,NA,"MEDICATION",33,"MEDICATION"
"MEDICATIONS","MEDICATION",NA,"MEDICATION",33,"MEDICATION"
"MEDICINE",NA,NA,"MEDICINE",14,"MEDICATION"
"MELANOMA",NA,NA,"MELANOMA",12,"DERMATOLOGY"
"MENTAL HEALTH",NA,NA,"MENTAL HEALTH",18,"MENTAL HEALTH"
"MICROBIOLOGIST",NA,NA,"MICROBIOLOGIST",2,"LABORATORY"
"MIDWIFE",NA,"PARENTING/MIDWIFE","PARENTING/MIDWIFE",14,"MATERNITY"
"MIGRANTS",NA,"IMMIGRATION","IMMIGRATION",1,"IMMIGRATION"
"MIGRATION",NA,"IMMIGRATION","IMMIGRATION",1,"IMMIGRATION"
"MONEY",NA,NA,"MONEY",34,"MONEY"
"MORBIDITY",NA,NA,"MORBIDITY",21,"MORBIDITY"
"MORTALITY",NA,NA,"MORTALITY",21,"MORTALITY"
"MOTHER",NA,"MOTHER/BIRTH","MOTHER/BIRTH",3,"MATERNITY"
"MOTHERCRAFT NURSE",NA,NA,"MOTHERCRAFT NURSE",1,"NURSE"
"MAORI AUTHORITIES",NA,NA,"MAORI AUTHORITIES",12,"MAORI"
"MAORI",NA,NA,"MAORI",12,"MAORI"
"MAORI",NA,NA,"MAORI",12,"MAORI"
"NGO",NA,NA,"NGO",30,"NGO"
"NATIONAL ACCOUNTS",NA,NA,"NATIONAL ACCOUNTS",17,"GOVERNMENT"
"NATIVE FORESTS",NA,"AGRICULTURE & FOREST","AGRICULTURE & FOREST",NA,"AGRICULTURE"
"NATIVE FORESTS",NA,"AGRICULTURE & FOREST","AGRICULTURE & FOREST",NA,"AGRICULTURE"
"NATIVE FORESTS",NA,"AGRICULTURE & FOREST","AGRICULTURE & FOREST",NA,"AGRICULTURE"
"NATIVE FORESTS",NA,"AGRICULTURE & FOREST","AGRICULTURE & FOREST",NA,"AGRICULTURE"
"NATIVE FORESTS",NA,"AGRICULTURE & FOREST","AGRICULTURE & FOREST",NA,"AGRICULTURE"
"NATURAL REMEDY CONSULTANT",NA,NA,"NATURAL REMEDY CONSULTANT",2,"NATUROPATHY"
"NATUROPATH",NA,NA,"NATUROPATH",2,"NATUROPATHY"
"NEURODIVERGENT",NA,"ASPERGER SYNDROME","ASPERGER SYNDROME",15,"AUTISM"
"NURSE EDUCATOR",NA,NA,"NURSE EDUCATOR",2,"NURSE"
"NURSE MANAGER",NA,NA,"NURSE MANAGER",1,"NURSE"
"NURSE PRACTITIONER",NA,NA,"NURSE PRACTITIONER",2,"NURSE"
"NURSE RESEARCHER",NA,NA,"NURSE RESEARCHER",2,"NURSE"
"NURSE",NA,NA,"NURSE",NA,"NURSE"
"NURSING CLINICAL DIRECTOR",NA,NA,"NURSING CLINICAL DIRECTOR",2,"NURSE"
"NURSING SUPPORT WORKER",NA,NA,"NURSING SUPPORT WORKER",2,"NURSE"
"NUTRITION",NA,NA,"NUTRITION",9,"NUTRITION"
"OECD",NA,NA,"OECD",3,"OECD"
"OBESITY",NA,NA,"OBESITY",45,"OBESITY"
"OBSTETRICIAN AND GYNAECOLOGIST",NA,NA,"OBSTETRICIAN AND GYNAECOLOGIST",14,"MATERNITY"
"OCCUPATION",NA,NA,"OCCUPATION",7,"EMPLOYMENT"
"OCCUPATIONAL HEALTH AND SAFETY ADVISER",NA,NA,"OCCUPATIONAL HEALTH AND SAFETY ADVISER",7,"HEALTH STAFF"
"OCCUPATIONS",NA,NA,"OCCUPATIONS",10,"EMPLOYMENT"
"OFFENCES",NA,"OFFENCES/SAFETY","OFFENCES/SAFETY",31,"JUSTICE"
"ONLINE",NA,NA,"ONLINE",4,"INTERNET"
"OPERATING THEATRE TECHNICIAN",NA,NA,"OPERATING THEATRE TECHNICIAN",14,"MEDICAL STAFF (NON NURSE OR DOCTOR)"
"OPERATIONS",NA,NA,"OPERATIONS",11,"INDUSTRY"
"ORAL HEALTH",NA,NA,"ORAL HEALTH",27,"DENTAL"
"ORGANISATION",NA,NA,"ORGANISATION",4,"ORGANISATION"
"ORTHOPAEDIC SURGEON",NA,NA,"ORTHOPAEDIC SURGEON",14,"SURGERY"
"OSTEOARTHRITIS",NA,NA,"OSTEOARTHRITIS",NA,"OSTEOARTHRITIS"
"OTORHINOLARYNGOLOGIST",NA,NA,"OTORHINOLARYNGOLOGIST",14,"OTORHINOLARYNGOLOGY"
"OWNERSHIP",NA,"OWNERSHIP/FOREIGN INVESTMENT","OWNERSHIP/FOREIGN INVESTMENT",4,"BUSINESS"
"OZONE",NA,NA,"OZONE",19,"DERMATOLOGY"
"PM10",NA,NA,"PM10",24,"POLLUTION"
"PPI",NA,"BUSINESS PRICE INDEX","BUSINESS PRICE INDEX",26,"ECONOMY"
"PTES",NA,"POLYTECHNICS/PTES","POLYTECHNICS/PTES",10,"EDUCATION"
"PAEDIATRICIAN",NA,NA,"PAEDIATRICIAN",8,"PAEDIATRICS"
"PAIN",NA,NA,"PAIN",NA,"PAIN"
"PARENTING",NA,"PARENTING/MIDWIFE","PARENTING/MIDWIFE",14,"MATERNITY"
"PARENTS",NA,NA,"PARENTS",NA,"PARENTS"
"PARTNERSHIP",NA,"ENTERPRISE/COMPANY","ENTERPRISE/COMPANY",34,"BUSINESS"
"PASTURES",NA,"AGRICULTURE & FOREST","AGRICULTURE & FOREST",NA,"AGRICULTURE"
"PASTURES",NA,"AGRICULTURE & FOREST","AGRICULTURE & FOREST",NA,"AGRICULTURE"
"PASTURES",NA,"AGRICULTURE & FOREST","AGRICULTURE & FOREST",NA,"AGRICULTURE"
"PASTURES",NA,"AGRICULTURE & FOREST","AGRICULTURE & FOREST",NA,"AGRICULTURE"
"PASTURES",NA,"AGRICULTURE & FOREST","AGRICULTURE & FOREST",NA,"AGRICULTURE"
"PATHOLOGIST",NA,NA,"PATHOLOGIST",2,"MEDICAL STAFF (NON NURSE OR DOCTOR)"
"PATIENTS",NA,NA,"PATIENTS",12,"PATIENTS"
"PAY",NA,NA,"PAY",4,"EMPLOYMENT"
"PEOPLE",NA,NA,"PEOPLE",5,"PEOPLE"
"PETROL",NA,NA,"PETROL",42,"ENERGY"
"PHD",NA,"PHD/DOCTORATE","PHD/DOCTORATE",35,"RESEARCH"
"PHARMACEUTICAL",NA,"SALES REPRESENTATIVE/PHARMACEUTICAL","SALES REPRESENTATIVE/PHARMACEUTICAL",2,"PHARMACY"
"PHARMACY TECHNICIAN",NA,NA,"PHARMACY TECHNICIAN",8,"PHARMACY"
"PHARMACY",NA,"PRESCRIPTION/PHARMACY","PRESCRIPTION/PHARMACY",13,"MEDICATION"
"PHLEBOTOMIST",NA,NA,"PHLEBOTOMIST",2,"MEDICAL STAFF (NON NURSE OR DOCTOR)"
"PHYSIOTHERAPIST",NA,NA,"PHYSIOTHERAPIST",1,"MEDICAL STAFF (NON NURSE OR DOCTOR)"
"PLASTIC AND RECONSTRUCTIVE SURGEON",NA,NA,"PLASTIC AND RECONSTRUCTIVE SURGEON",14,"SURGERY"
"POISONING",NA,"POISONING/INJURY","POISONING/INJURY",3,"POISONING"
"POLICE",NA,"POLICE/CRIME","POLICE/CRIME",31,"JUSTICE"
"POLLUTION",NA,NA,"POLLUTION",24,"POLLUTION"
"POLYTECHNICS",NA,"POLYTECHNICS/PTES","POLYTECHNICS/PTES",10,"EDUCATION"
"POVERTY",NA,NA,"POVERTY",30,"POVERTY"
"PREMATURE",NA,"PREMATURE BABIES","PREMATURE BABIES",14,"PREMATURE BABIES"
"PRESCRIPTION",NA,"PRESCRIPTION/PHARMACY","PRESCRIPTION/PHARMACY",13,"MEDICATION"
"PRESCRIPTIONS",NA,NA,"PRESCRIPTIONS",33,"MEDICATION"
"PRETERM",NA,"PREMATURE BABIES","PREMATURE BABIES",14,"PREMATURE BABIES"
"PRICES",NA,"CONSUMER PRICE INDEX","CONSUMER PRICE INDEX",26,"ECONOMY"
"PRIMARY CARE","PRIMARY HEALTHCARE",NA,"PRIMARY HEALTHCARE",39,"PRIMARY HEALTHCARE"
"PRIMARY HEALTH CARE","PRIMARY HEALTHCARE",NA,"PRIMARY HEALTHCARE",39,"PRIMARY HEALTHCARE"
"PRIMARY HEALTHCARE",NA,NA,"PRIMARY HEALTHCARE",39,"PRIMARY HEALTHCARE"
"PRIVATE HOSPITAL",NA,NA,"PRIVATE HOSPITAL",18,"PRIVATE HOSPITAL"
"PRIVATE",NA,NA,"PRIVATE",12,"PRIVATE"
"PRODUCERS PRICE INDEX",NA,"BUSINESS PRICE INDEX","BUSINESS PRICE INDEX",26,"ECONOMY"
"PRODUCT",NA,NA,"PRODUCT",11,"BUSINESS"
"PRODUCTIVITY",NA,"PRODUCTIVITY/GROWTH","PRODUCTIVITY/GROWTH",38,"PRODUCTIVITY"
"PROJECTIONS",NA,"PROJECTIONS/FORECAST","PROJECTIONS/FORECAST",7,"FORECAST"
"PSYCHIATRIST",NA,NA,"PSYCHIATRIST",1,"PSYCHIATRY"
"PSYCHOTHERAPIST",NA,NA,"PSYCHOTHERAPIST",1,"PSYCHOTHERAPY"
"PUBLIC",NA,"OFFENCES/SAFETY","OFFENCES/SAFETY",31,"JUSTICE"
"PUNISHMENT",NA,"VIOLENCE/PUNISHMENT","VIOLENCE/PUNISHMENT",NA,"VIOLENCE"
"PUNISHMENT",NA,"VIOLENCE/PUNISHMENT","VIOLENCE/PUNISHMENT",NA,"VIOLENCE"
"QUALIFICATION",NA,NA,"QUALIFICATION",10,"EDUCATION"
"QUALITY OF LIFE",NA,NA,"QUALITY OF LIFE",3,"QUALITY OF LIFE"
"R&D",NA,NA,"R&D",35,"RESEARCH"
"REFERRAL",NA,NA,"REFERRAL",NA,"REFERRAL"
"REGIONAL COUNCIL",NA,"COUNCIL","COUNCIL",3,"COUNCIL"
"REGISTERED NURSE",NA,NA,"REGISTERED NURSE",2,"NURSE"
"RESEARCH",NA,NA,"RESEARCH",35,"RESEARCH"
"RESIDENT MEDICAL OFFICER",NA,NA,"RESIDENT MEDICAL OFFICER",2,"MEDICAL STAFF (NON NURSE OR DOCTOR)"
"RESPIRATORY",NA,"RESPIRATORY/INHALER","RESPIRATORY/INHALER",33,"ASTHMA"
"RETAIL PHARMACIST",NA,NA,"RETAIL PHARMACIST",2,"PHARMACY"
"RHEUMATOID ARTHRITIS",NA,NA,"RHEUMATOID ARTHRITIS",NA,"ARTHRITIS"
"SAFETY",NA,NA,"SAFETY",41,"SAFETY"
"SALES REPRESENTATIVE",NA,"SALES REPRESENTATIVE/PHARMACEUTICAL","SALES REPRESENTATIVE/PHARMACEUTICAL",2,"PHARMACY"
"SALMONELLOSIS",NA,"SALMONELLOSIS/CLIMATE","SALMONELLOSIS/CLIMATE",47,"SALMONELLOSIS"
"SAVING",NA,"SAVING/CONSERVATION","SAVING/CONSERVATION",4,"ENERGY"
"SCIENCE",NA,NA,"SCIENCE",8,"SCIENCE"
"SEASONALITY",NA,"SEASONAL WORK","SEASONAL WORK",32,"EMPLOYMENT"
"SECLUSION",NA,NA,"SECLUSION",NA,"SECLUSION"
"SELF-HARM",NA,"SELF-HARM/INPATIENT","SELF-HARM/INPATIENT",21,"SELF-HARM"
"SELF-RATED",NA,NA,"SELF-RATED",NA,"HEALTH"
"SEPARATIONS",NA,"SEASONAL WORK","SEASONAL WORK",32,"EMPLOYMENT"
"SERVICES",NA,"SERVICES/GOODS","SERVICES/GOODS",11,"BUSINESS"
"SICKNESS",NA,"SICKNESS/BRAIN","SICKNESS/BRAIN",1,"SICKNESS"
"SKATING",NA,"OUTDOOR ACTIVITIES","OUTDOOR ACTIVITIES",1,"SPORT"
"SKIN",NA,NA,"SKIN",19,"DERMATOLOGY"
"SMALL BUSINESS",NA,"SMALL BUSINESS/FIRM SIZE","SMALL BUSINESS/FIRM SIZE",11,"BUSINESS"
"SMOKING",NA,"SMOKING/CIGARETTES","SMOKING/CIGARETTES",5,"SMOKING"
"SOCIAL",NA,NA,"SOCIAL",1,"SOCIETY"
"SOCIETY",NA,NA,"SOCIETY",21,"SOCIETY"
"SODA",NA,NA,"SODA",44,"NUTRITION"
"SOIL",NA,"AGRICULTURE & FOREST","AGRICULTURE & FOREST",NA,"AGRICULTURE"
"SOIL",NA,"AGRICULTURE & FOREST","AGRICULTURE & FOREST",NA,"AGRICULTURE"
"SOIL",NA,"AGRICULTURE & FOREST","AGRICULTURE & FOREST",NA,"AGRICULTURE"
"SOIL",NA,"AGRICULTURE & FOREST","AGRICULTURE & FOREST",NA,"AGRICULTURE"
"SOIL",NA,"AGRICULTURE & FOREST","AGRICULTURE & FOREST",NA,"AGRICULTURE"
"SOLIDS",NA,"WEANING/SOLIDS","WEANING/SOLIDS",1,"MATERNITY"
"SONOGRAPHER",NA,NA,"SONOGRAPHER",8,"RADIOLOGY"
"SPECIALIST PHYSICIAN",NA,NA,"SPECIALIST PHYSICIAN",8,"SPECIALIST"
"SPENDING",NA,NA,"SPENDING",17,"EXPENDITURE"
"SPORT",NA,"SPORT/EXERCISE","SPORT/EXERCISE",46,"SPORT"
"SPORTS","SPORT","SPORT/EXERCISE","SPORT/EXERCISE",46,"SPORT"
"STAFF",NA,NA,"STAFF",11,"STAFFING"
"STAFFING",NA,"VACANCIES/STAFFING","VACANCIES/STAFFING",1,"STAFFING"
"STARTUP",NA,"STARTUP/FAILURE","STARTUP/FAILURE",4,"BUSINESS"
"STOMACH",NA,NA,"STOMACH",12,"STOMACH"
"STROKE",NA,NA,"STROKE",NA,"STROKE"
"STUDENTS",NA,NA,"STUDENTS",10,"EDUCATION"
"STUDY",NA,NA,"STUDY",10,"EDUCATION"
"SUCCESS",NA,"SURVIVAL/SUCCESS","SURVIVAL/SUCCESS",4,"BUSINESS"
"SUICIDE",NA,NA,"SUICIDE",21,"SUICIDE"
"SUN",NA,NA,"SUN",19,"DERMATOLOGY"
"SUPPORT",NA,"BANKS/ACCOUNTING","BANKS/ACCOUNTING",36,"BUSINESS"
"SURGEON",NA,NA,"SURGEON",8,"SURGERY"
"SURGERY",NA,"ELDERLY EMERGENCY","ELDERLY EMERGENCY",2,"EMERGENCY"
"SURVIVAL",NA,"SURVIVAL/SUCCESS","SURVIVAL/SUCCESS",4,"BUSINESS"
"TV",NA,NA,"TV",43,"TV"
"TAKEAWAYS",NA,NA,"TAKEAWAYS",9,"NUTRITION"
"TECHNOLOGY",NA,"ICT","ICT",20,"ICT"
"TEENAGERS",NA,"TEEANAGERS HOUSING & LIFESTYLE","TEEANAGERS HOUSING & LIFESTYLE",41,"YOUTH"
"TEETH",NA,NA,"TEETH",27,"DENTAL"
"TELECOMMUNICATIONS",NA,NA,"TELECOMMUNICATIONS",4,"ICT"
"TELEVISION","TV",NA,"TV",43,"TV"
"TERRITORIAL AUTHORITY",NA,NA,"TERRITORIAL AUTHORITY",37,"TERRITORIAL AUTHORITY"
"THIRD AGE",NA,NA,"THIRD AGE",8,"AGING"
"TOOTH","TEETH",NA,"TEETH",27,"DENTAL"
"TRANSPORT",NA,NA,"TRANSPORT",15,"TRANSPORT"
"TRAVEL",NA,NA,"TRAVEL",29,"TRAVEL"
"TREASURY",NA,"GOVERNMENT EXPENDITURE","GOVERNMENT EXPENDITURE",23,"GOVERNMENT"
"TRUST",NA,"TRUST/JOINT VENTURE","TRUST/JOINT VENTURE",34,"BUSINESS"
"TURNOUT",NA,NA,"TURNOUT",3,"POLITICS"
"UNIVERSITY",NA,NA,"UNIVERSITY",10,"UNIVERSITY"
"UNMET NEED",NA,NA,"UNMET NEED",39,"HEALTHCARE"
"URGENT CARE",NA,NA,"URGENT CARE",3,"URGENT CARE"
"USE",NA,NA,"USE",42,"ENERGY"
"UTERUS",NA,NA,"UTERUS",8,"CANCER"
"VACANCIES",NA,"VACANCIES/STAFFING","VACANCIES/STAFFING",1,"STAFFING"
"VACCINE",NA,NA,"VACCINE",6,"VACCINATION"
"VEGETABLES",NA,NA,"VEGETABLES",9,"NUTRITION"
"VIOLENCE",NA,"VIOLENCE/PUNISHMENT","VIOLENCE/PUNISHMENT",NA,"VIOLENCE"
"VIOLENCE",NA,"VIOLENCE/PUNISHMENT","VIOLENCE/PUNISHMENT",NA,"VIOLENCE"
"VISA",NA,"IMMIGRATION","IMMIGRATION",1,"IMMIGRATION"
"VISIT",NA,NA,"VISIT",13,"GP"
"VOTING",NA,"VOTING/ELECTIONS","VOTING/ELECTIONS",37,"POLITICS"
"WALKING",NA,"OUTDOOR ACTIVITIES","OUTDOOR ACTIVITIES",1,"SPORT"
"WANANGA",NA,NA,"WANANGA",10,"EDUCATION"
"WEANING",NA,"WEANING/SOLIDS","WEANING/SOLIDS",1,"MATERNITY"
"WEIGHT LOSS CONSULTANT",NA,NA,"WEIGHT LOSS CONSULTANT",2,"WEIGHT"
"WEIGHT",NA,NA,"WEIGHT",9,"WEIGHT"
"WELLINGTON",NA,"CITIES","CITIES",8,"CITIES"
"WOMEN",NA,NA,"WOMEN",3,"WOMEN"
"WOOD",NA,"HEATING","HEATING",40,"ENVIRONMENT"
"WORK",NA,NA,"WORK",1,"EMPLOYMENT"
"WORKERS",NA,"SEASONAL WORK","SEASONAL WORK",32,"EMPLOYMENT"
"YOUTH",NA,NA,"YOUTH",21,"YOUTH"
